GivenName,EmailAddress,NameSet,Surname
Rosa,RosaTThygesen@fleckens.hu,Danish,Thygesen
Joachim,JoachimNJohansen@rhyta.com,Danish,Johansen
Clara,ClaraJKristensen@einrot.com,Danish,Kristensen
Adam,AdamMKlausen@armyspy.com,Danish,Klausen
Ditte,DitteDLauridsen@jourrapide.com,Danish,Lauridsen
Victoria,VictoriaMNilsson@armyspy.com,Danish,Nilsson
Liv,LivALarsen@einrot.com,Danish,Larsen
Mathias,MathiasTKrogh@gustr.com,Danish,Krogh
Michael,MichaelAJessen@cuvox.de,Danish,Jessen
Tobias,TobiasCMikkelsen@gustr.com,Danish,Mikkelsen
Aase,AaseJBang@dayrep.com,Danish,Bang
Adam,AdamJSchultz@jourrapide.com,Danish,Schultz
Tosh,ToshABrandt@armyspy.com,Danish,Brandt
Josefine,JosefineESorensen@teleworm.us,Danish,Sørensen
Laurits,LauritsSLarsen@einrot.com,Danish,Larsen
Marius,MariusNMortensen@teleworm.us,Danish,Mortensen
Hannah,HannahJJessen@cuvox.de,Danish,Jessen
Frida,FridaSMadsen@cuvox.de,Danish,Madsen
Dennis,DennisNHolst@teleworm.us,Danish,Holst
Nansen,NansenHBerg@dayrep.com,Danish,Berg
Emma,EmmaPLind@cuvox.de,Danish,Lind
Tosh,ToshPMogensen@einrot.com,Danish,Mogensen
Dennis,DennisIKjeldsen@gustr.com,Danish,Kjeldsen
Emma,EmmaJLorenzen@dayrep.com,Danish,Lorenzen
Nicklas,NicklasTChristiansen@fleckens.hu,Danish,Christiansen
Aksel,AkselAEriksen@fleckens.hu,Danish,Eriksen
Jakob,JakobNSkov@einrot.com,Danish,Skov
Jonas,JonasESimonsen@cuvox.de,Danish,Simonsen
Marcus,MarcusSClausen@cuvox.de,Danish,Clausen
Emil,EmilSOvergaard@gustr.com,Danish,Overgaard
Asta,AstaRPoulsen@gustr.com,Danish,Poulsen
Silas,SilasTWinther@fleckens.hu,Danish,Winther
Pernille,PernilleTKoch@jourrapide.com,Danish,Koch
Aase,AaseMIversen@cuvox.de,Danish,Iversen
Signe,SigneMKoch@armyspy.com,Danish,Koch
Tilde,TildeTKjeldsen@jourrapide.com,Danish,Kjeldsen
Esther,EstherSMortensen@dayrep.com,Danish,Mortensen
Malthe,MaltheFSvendsen@superrito.com,Danish,Svendsen
Sofia,SofiaVMikkelsen@teleworm.us,Danish,Mikkelsen
Frederikke,FrederikkePChristensen@armyspy.com,Danish,Christensen
Celina,CelinaMJensen@teleworm.us,Danish,Jensen
Frederik,FrederikASchou@cuvox.de,Danish,Schou
Rikke,RikkeOAndresen@dayrep.com,Danish,Andresen
Isabella,IsabellaABak@rhyta.com,Danish,Bak
Philip,PhilipAHedegaard@superrito.com,Danish,Hedegaard
Sofia,SofiaMSorensen@armyspy.com,Danish,Sørensen
Johanne,JohanneMHedegaard@teleworm.us,Danish,Hedegaard
Nicklas,NicklasKJepsen@superrito.com,Danish,Jepsen
Oscar,OscarKThorsen@cuvox.de,Danish,Thorsen
Michael,MichaelMNielsen@armyspy.com,Danish,Nielsen
Albert,AlbertOEriksen@gustr.com,Danish,Eriksen
Marius,MariusRGregersen@jourrapide.com,Danish,Gregersen
Tilde,TildeVJespersen@einrot.com,Danish,Jespersen
Isabella,IsabellaJDam@rhyta.com,Danish,Dam
Frederik,FrederikSDanielsen@fleckens.hu,Danish,Danielsen
Mads,MadsMCarlsen@armyspy.com,Danish,Carlsen
Rasmus,RasmusNSchultz@teleworm.us,Danish,Schultz
Laerke,LaerkePMortensen@teleworm.us,Danish,Mortensen
Simon,SimonKMadsen@jourrapide.com,Danish,Madsen
Silje,SiljeJSchou@teleworm.us,Danish,Schou
Malthe,MaltheOKrogh@dayrep.com,Danish,Krogh
David,DavidHMogensen@dayrep.com,Danish,Mogensen
Johanne,JohanneMBrandt@jourrapide.com,Danish,Brandt
Mike,MikeAToft@einrot.com,Danish,Toft
Filippa,FilippaDSteffensen@teleworm.us,Danish,Steffensen
Valdemar,ValdemarSMogensen@armyspy.com,Danish,Mogensen
Sarah,SarahKKristiansen@teleworm.us,Danish,Kristiansen
Helena,HelenaMOstergaard@jourrapide.com,Danish,Østergaard
Lea,LeaDPetersen@teleworm.us,Danish,Petersen
Sandra,SandraJAndreasen@einrot.com,Danish,Andreasen
Kasper,KasperFKristensen@teleworm.us,Danish,Kristensen
Ella,EllaSKnudsen@jourrapide.com,Danish,Knudsen
Sarah,SarahLOlsen@armyspy.com,Danish,Olsen
Andrea,AndreaMMortensen@dayrep.com,Danish,Mortensen
Frederik,FrederikNKnudsen@jourrapide.com,Danish,Knudsen
Mimir,MimirLSondergaard@einrot.com,Danish,Søndergaard
Ida,IdaABertelsen@superrito.com,Danish,Bertelsen
Asta,AstaNVestergaard@superrito.com,Danish,Vestergaard
Amalie,AmalieMIversen@armyspy.com,Danish,Iversen
August,AugustAAndresen@rhyta.com,Danish,Andresen
Selma,SelmaVLund@gustr.com,Danish,Lund
Selam,SelamMOlsen@armyspy.com,Danish,Olsen
Christina,ChristinaBHenriksen@cuvox.de,Danish,Henriksen
Jesper,JesperNKarlsen@cuvox.de,Danish,Karlsen
Carl,CarlCGregersen@fleckens.hu,Danish,Gregersen
Amalie,AmalieCJessen@dayrep.com,Danish,Jessen
Søren,SorenAVestergaard@armyspy.com,Danish,Vestergaard
Cecilie,CecilieBHenriksen@superrito.com,Danish,Henriksen
August,AugustTKristensen@cuvox.de,Danish,Kristensen
Selma,SelmaAMikkelsen@jourrapide.com,Danish,Mikkelsen
Tristan,TristanAJohnsen@cuvox.de,Danish,Johnsen
Villads,VilladsMSvendsen@dayrep.com,Danish,Svendsen
David,DavidOFriis@gustr.com,Danish,Friis
Emma,EmmaSBrandt@armyspy.com,Danish,Brandt
Oscar,OscarFMoller@armyspy.com,Danish,Møller
Mark,MarkMMathiesen@superrito.com,Danish,Mathiesen
Amanda,AmandaPJensen@einrot.com,Danish,Jensen
Celina,CelinaTPoulsen@jourrapide.com,Danish,Poulsen
Laura,LauraJMortensen@rhyta.com,Danish,Mortensen
Dennis,DennisMKrogh@jourrapide.com,Danish,Krogh
Nansen,NansenASchou@dayrep.com,Danish,Schou
Michelle,MichellePKristensen@rhyta.com,Danish,Kristensen
Ditte,DitteAMogensen@dayrep.com,Danish,Mogensen
Jakob,JakobVIversen@dayrep.com,Danish,Iversen
Stine,StineAMikkelsen@superrito.com,Danish,Mikkelsen
Johan,JohanISimonsen@gustr.com,Danish,Simonsen
Kasper,KasperSJohnsen@teleworm.us,Danish,Johnsen
Simon,SimonAThorsen@einrot.com,Danish,Thorsen
Tosh,ToshSWinther@armyspy.com,Danish,Winther
Storm,StormAJacobsen@teleworm.us,Danish,Jacobsen
Sebastian,SebastianTThorsen@teleworm.us,Danish,Thorsen
William,WilliamLChristensen@superrito.com,Danish,Christensen
Jasmin,JasminJLind@teleworm.us,Danish,Lind
Maria,MariaPChristensen@fleckens.hu,Danish,Christensen
Emilie,EmilieGDanielsen@einrot.com,Danish,Danielsen
Noah,NoahMCarlsen@rhyta.com,Danish,Carlsen
Mie,MieCBerg@jourrapide.com,Danish,Berg
David,DavidMNorgaard@armyspy.com,Danish,Nørgaard
August,AugustNJeppesen@dayrep.com,Danish,Jeppesen
Marie,MariePJakobsen@gustr.com,Danish,Jakobsen
Mark,MarkALaursen@fleckens.hu,Danish,Laursen
Bertram,BertramLKarlsen@einrot.com,Danish,Karlsen
Laurits,LauritsSMogensen@gustr.com,Danish,Mogensen
Philip,PhilipLAndersen@armyspy.com,Danish,Andersen
Rasmus,RasmusSKarlsen@teleworm.us,Danish,Karlsen
Mads,MadsHHedegaard@gustr.com,Danish,Hedegaard
Sille,SillePToft@cuvox.de,Danish,Toft
Marcus,MarcusSHolm@gustr.com,Danish,Holm
Malene,MaleneTMikkelsen@superrito.com,Danish,Mikkelsen
Malthe,MaltheMPoulsen@rhyta.com,Danish,Poulsen
Tosh,ToshSChristensen@einrot.com,Danish,Christensen
Nicolai,NicolaiTMogensen@armyspy.com,Danish,Mogensen
Tobias,TobiasSJensen@fleckens.hu,Danish,Jensen
Mikkel,MikkelSJohansen@fleckens.hu,Danish,Johansen
Cecilie,CecilieVJespersen@gustr.com,Danish,Jespersen
Søren,SorenRHedegaard@armyspy.com,Danish,Hedegaard
Lea,LeaAAndresen@dayrep.com,Danish,Andresen
Caroline,CarolineJToft@einrot.com,Danish,Toft
Aase,AaseECarlsen@fleckens.hu,Danish,Carlsen
Philip,PhilipAHolst@rhyta.com,Danish,Holst
Magnus,MagnusSChristoffersen@teleworm.us,Danish,Christoffersen
Christian,ChristianELind@rhyta.com,Danish,Lind
Magnus,MagnusKMathiasen@teleworm.us,Danish,Mathiasen
Louise,LouiseVSvendsen@cuvox.de,Danish,Svendsen
Felix,FelixLAndresen@einrot.com,Danish,Andresen
Nanna,NannaMLund@gustr.com,Danish,Lund
Ida,IdaJNorgaard@einrot.com,Danish,Nørgaard
Patrick,PatrickMDahl@superrito.com,Danish,Dahl
Victoria,VictoriaERavn@cuvox.de,Danish,Ravn
Louise,LouiseCKruse@teleworm.us,Danish,Kruse
Sandra,SandraTAndersen@superrito.com,Danish,Andersen
Trine,TrineTToft@einrot.com,Danish,Toft
Malthe,MaltheMMogensen@jourrapide.com,Danish,Mogensen
Mathilde,MathildeMJorgensen@superrito.com,Danish,Jørgensen
Jonathan,JonathanNGregersen@cuvox.de,Danish,Gregersen
Christoffer,ChristofferNJorgensen@superrito.com,Danish,Jørgensen
Niels,NielsIJepsen@superrito.com,Danish,Jepsen
Alexander,AlexanderRMikkelsen@armyspy.com,Danish,Mikkelsen
Gustav,GustavKFriis@einrot.com,Danish,Friis
Annemette,AnnemetteCJensen@jourrapide.com,Danish,Jensen
Philip,PhilipSOstergaard@gustr.com,Danish,Østergaard
Andreas,AndreasASteffensen@cuvox.de,Danish,Steffensen
Silje,SiljeJVestergaard@teleworm.us,Danish,Vestergaard
Silke,SilkeARasmussen@rhyta.com,Danish,Rasmussen
Maria,MariaMThomsen@einrot.com,Danish,Thomsen
Albert,AlbertLDanielsen@rhyta.com,Danish,Danielsen
Alexander,AlexanderMPedersen@fleckens.hu,Danish,Pedersen
Rosa,RosaLNielsen@jourrapide.com,Danish,Nielsen
Philip,PhilipPJakobsen@jourrapide.com,Danish,Jakobsen
Magnus,MagnusKKjeldsen@cuvox.de,Danish,Kjeldsen
Daniel,DanielNDam@cuvox.de,Danish,Dam
Mark,MarkEAndersen@gustr.com,Danish,Andersen
Anne,AnneLKristiansen@cuvox.de,Danish,Kristiansen
Mimir,MimirALind@fleckens.hu,Danish,Lind
Thomas,ThomasAKristiansen@superrito.com,Danish,Kristiansen
Mille,MilleJJeppesen@gustr.com,Danish,Jeppesen
Esther,EstherNJespersen@dayrep.com,Danish,Jespersen
Freja,FrejaJHansen@fleckens.hu,Danish,Hansen
Jakob,JakobSChristoffersen@gustr.com,Danish,Christoffersen
Carl,CarlMRavn@dayrep.com,Danish,Ravn
Mimir,MimirNAndersen@fleckens.hu,Danish,Andersen
Jonathan,JonathanRLauritsen@jourrapide.com,Danish,Lauritsen
Mette,MetteMKoch@teleworm.us,Danish,Koch
Simon,SimonIHedegaard@cuvox.de,Danish,Hedegaard
Emily,EmilyAHansen@fleckens.hu,Danish,Hansen
Isabella,IsabellaJLarsen@dayrep.com,Danish,Larsen
Mille,MilleFJespersen@jourrapide.com,Danish,Jespersen
Tosh,ToshEChristiansen@jourrapide.com,Danish,Christiansen
Clara,ClaraJNygaard@superrito.com,Danish,Nygaard
Silje,SiljeMJacobsen@jourrapide.com,Danish,Jacobsen
Michael,MichaelSKrogh@gustr.com,Danish,Krogh
Andrea,AndreaALaursen@gustr.com,Danish,Laursen
Malene,MaleneMMortensen@einrot.com,Danish,Mortensen
Emma,EmmaMThomsen@fleckens.hu,Danish,Thomsen
Rikke,RikkeAChristiansen@jourrapide.com,Danish,Christiansen
Oliver,OliverTChristoffersen@fleckens.hu,Danish,Christoffersen
Mia,MiaMJohnsen@armyspy.com,Danish,Johnsen
Astrid,AstridMSvendsen@einrot.com,Danish,Svendsen
Albert,AlbertCLorenzen@armyspy.com,Danish,Lorenzen
Selma,SelmaFPoulsen@cuvox.de,Danish,Poulsen
Rosa,RosaJClausen@rhyta.com,Danish,Clausen
Maria,MariaMHedegaard@rhyta.com,Danish,Hedegaard
Hjalte,HjalteFJakobsen@fleckens.hu,Danish,Jakobsen
Julie,JulieSNissen@einrot.com,Danish,Nissen
Dennis,DennisSJohansen@einrot.com,Danish,Johansen
Simon,SimonAKruse@dayrep.com,Danish,Kruse
Nikolaj,NikolajAThomsen@einrot.com,Danish,Thomsen
Morten,MortenNPedersen@einrot.com,Danish,Pedersen
Tobias,TobiasJDam@cuvox.de,Danish,Dam
Benjamin,BenjaminAMoller@einrot.com,Danish,Møller
Amanda,AmandaMLund@cuvox.de,Danish,Lund
Oskar,OskarMSchou@jourrapide.com,Danish,Schou
Jens,JensEOstergaard@rhyta.com,Danish,Østergaard
Rolla,RollaCIversen@einrot.com,Danish,Iversen
Annemette,AnnemetteFKrogh@fleckens.hu,Danish,Krogh
August,AugustCOlsen@cuvox.de,Danish,Olsen
Frederik,FrederikLMortensen@armyspy.com,Danish,Mortensen
Frederikke,FrederikkeTOlesen@fleckens.hu,Danish,Olesen
Albert,AlbertBLaursen@gustr.com,Danish,Laursen
Mimir,MimirLLorenzen@gustr.com,Danish,Lorenzen
Hjalte,HjalteIMoller@armyspy.com,Danish,Møller
Malthe,MaltheMKrogh@teleworm.us,Danish,Krogh
Anna,AnnaMVestergaard@fleckens.hu,Danish,Vestergaard
Karla,KarlaGMikkelsen@gustr.com,Danish,Mikkelsen
Celina,CelinaVJacobsen@dayrep.com,Danish,Jacobsen
Nadia,NadiaOGregersen@armyspy.com,Danish,Gregersen
Michael,MichaelOLassen@cuvox.de,Danish,Lassen
Katrine,KatrineNBerg@cuvox.de,Danish,Berg
Morten,MortenLKristoffersen@fleckens.hu,Danish,Kristoffersen
Lucas,LucasMLaursen@cuvox.de,Danish,Laursen
Nicolai,NicolaiEJessen@jourrapide.com,Danish,Jessen
Sebastian,SebastianMThomsen@rhyta.com,Danish,Thomsen
Nicoline,NicolineNThorsen@armyspy.com,Danish,Thorsen
Niels,NielsHNorgaard@cuvox.de,Danish,Nørgaard
Anna,AnnaMSvendsen@fleckens.hu,Danish,Svendsen
Tilde,TildeOLorenzen@armyspy.com,Danish,Lorenzen
Amanda,AmandaEKnudsen@einrot.com,Danish,Knudsen
Ditte,DitteJBach@teleworm.us,Danish,Bach
Sille,SilleTDahl@rhyta.com,Danish,Dahl
Nadia,NadiaJNielsen@cuvox.de,Danish,Nielsen
Marcus,MarcusIRasmussen@cuvox.de,Danish,Rasmussen
Joachim,JoachimJNorgaard@gustr.com,Danish,Nørgaard
Liv,LivJDamgaard@fleckens.hu,Danish,Damgaard
Line,LineSDahl@rhyta.com,Danish,Dahl
Amalie,AmalieJAndersen@teleworm.us,Danish,Andersen
Rolla,RollaAVilladsen@cuvox.de,Danish,Villadsen
Albert,AlbertSMortensen@dayrep.com,Danish,Mortensen
Daniel,DanielSMathiasen@fleckens.hu,Danish,Mathiasen
Olivia,OliviaTLarsen@teleworm.us,Danish,Larsen
Lucas,LucasMClausen@armyspy.com,Danish,Clausen
Lea,LeaJVestergaard@cuvox.de,Danish,Vestergaard
Gustav,GustavJPoulsen@einrot.com,Danish,Poulsen
Noah,NoahAJakobsen@dayrep.com,Danish,Jakobsen
Jonas,JonasCSchmidt@rhyta.com,Danish,Schmidt
Frida,FridaKBruun@superrito.com,Danish,Bruun
Alexander,AlexanderMBak@cuvox.de,Danish,Bak
Ida,IdaJSchultz@armyspy.com,Danish,Schultz
Anton,AntonCLind@einrot.com,Danish,Lind
Helena,HelenaJKjeldsen@gustr.com,Danish,Kjeldsen
Liv,LivBHedegaard@superrito.com,Danish,Hedegaard
Sander,SanderSClausen@dayrep.com,Danish,Clausen
Nadia,NadiaPSkov@jourrapide.com,Danish,Skov
Laura,LauraNSkov@teleworm.us,Danish,Skov
Mike,MikeSMathiesen@rhyta.com,Danish,Mathiesen
Storm,StormMDanielsen@rhyta.com,Danish,Danielsen
Victor,VictorJOlesen@jourrapide.com,Danish,Olesen
Amanda,AmandaPLauritsen@jourrapide.com,Danish,Lauritsen
Laerke,LaerkeJSvendsen@dayrep.com,Danish,Svendsen
Frederikke,FrederikkeMOstergaard@gustr.com,Danish,Østergaard
Simon,SimonSPedersen@gustr.com,Danish,Pedersen
Anton,AntonMJohansen@armyspy.com,Danish,Johansen
Rasmus,RasmusLThorsen@fleckens.hu,Danish,Thorsen
Sander,SanderRSchou@dayrep.com,Danish,Schou
Nicklas,NicklasRCarlsen@cuvox.de,Danish,Carlsen
Anton,AntonJVestergaard@dayrep.com,Danish,Vestergaard
Marius,MariusLClausen@dayrep.com,Danish,Clausen
Jesper,JesperLSvendsen@armyspy.com,Danish,Svendsen
Anton,AntonEKristiansen@teleworm.us,Danish,Kristiansen
Amanda,AmandaMHolst@superrito.com,Danish,Holst
Nikolaj,NikolajHFrederiksen@armyspy.com,Danish,Frederiksen
Magnus,MagnusNBertelsen@jourrapide.com,Danish,Bertelsen
Nanna,NannaMSteffensen@jourrapide.com,Danish,Steffensen
Nicoline,NicolineVThygesen@einrot.com,Danish,Thygesen
Mohammad,MohammadCAndersen@dayrep.com,Danish,Andersen
Andreas,AndreasPDahl@jourrapide.com,Danish,Dahl
Sebastian,SebastianMKnudsen@armyspy.com,Danish,Knudsen
Simone,SimoneMKjaer@cuvox.de,Danish,Kjær
Frederik,FrederikELorenzen@dayrep.com,Danish,Lorenzen
Lea,LeaKAndresen@dayrep.com,Danish,Andresen
Adam,AdamAPetersen@dayrep.com,Danish,Petersen
Villads,VilladsAMadsen@rhyta.com,Danish,Madsen
Mohammad,MohammadKNorgaard@jourrapide.com,Danish,Nørgaard
Asta,AstaBJeppesen@teleworm.us,Danish,Jeppesen
Michelle,MichelleLThygesen@rhyta.com,Danish,Thygesen
Mimir,MimirBDahl@dayrep.com,Danish,Dahl
Frederikke,FrederikkeLLauridsen@teleworm.us,Danish,Lauridsen
Mohammad,MohammadAHermansen@teleworm.us,Danish,Hermansen
Gustav,GustavVLassen@rhyta.com,Danish,Lassen
Alberte,AlberteTChristensen@teleworm.us,Danish,Christensen
Johanne,JohanneSKruse@armyspy.com,Danish,Kruse
Anna,AnnaAJuhl@dayrep.com,Danish,Juhl
Alma,AlmaDJuhl@dayrep.com,Danish,Juhl
Trine,TrineFVestergaard@cuvox.de,Danish,Vestergaard
Lasse,LasseSLorenzen@dayrep.com,Danish,Lorenzen
Nadia,NadiaSThorsen@fleckens.hu,Danish,Thorsen
August,AugustLBech@teleworm.us,Danish,Bech
Silje,SiljeJSteffensen@superrito.com,Danish,Steffensen
Kristine,KristineTCarlsen@teleworm.us,Danish,Carlsen
Anne-Lise,Anne-LiseHBerg@cuvox.de,Danish,Berg
Andrea,AndreaBKlausen@fleckens.hu,Danish,Klausen
Marie,MarieLFrederiksen@dayrep.com,Danish,Frederiksen
Malou,MalouMChristoffersen@dayrep.com,Danish,Christoffersen
Malou,MalouASvendsen@fleckens.hu,Danish,Svendsen
Hjalte,HjalteEOlesen@gustr.com,Danish,Olesen
Victoria,VictoriaMClausen@jourrapide.com,Danish,Clausen
Sofia,SofiaTMortensen@rhyta.com,Danish,Mortensen
Mimir,MimirDLaursen@rhyta.com,Danish,Laursen
Andreas,AndreasNMoller@gustr.com,Danish,Møller
Mie,MieTJepsen@teleworm.us,Danish,Jepsen
Sandra,SandraALauridsen@teleworm.us,Danish,Lauridsen
Søren,SorenHKoch@cuvox.de,Danish,Koch
Dennis,DennisRLind@dayrep.com,Danish,Lind
Silas,SilasCOstergaard@fleckens.hu,Danish,Østergaard
Nicoline,NicolineMJensen@cuvox.de,Danish,Jensen
Annemette,AnnemetteJNygaard@gustr.com,Danish,Nygaard
Clara,ClaraVVilladsen@fleckens.hu,Danish,Villadsen
Asger,AsgerSJensen@gustr.com,Danish,Jensen
Anders,AndersNSorensen@dayrep.com,Danish,Sørensen
Rolla,RollaNDahl@fleckens.hu,Danish,Dahl
Liva,LivaAKnudsen@rhyta.com,Danish,Knudsen
Liva,LivaSFrederiksen@cuvox.de,Danish,Frederiksen
Storm,StormLKrogh@jourrapide.com,Danish,Krogh
Daniel,DanielCNygaard@rhyta.com,Danish,Nygaard
Anders,AndersLMathiasen@jourrapide.com,Danish,Mathiasen
Maja,MajaJCarlsen@cuvox.de,Danish,Carlsen
David,DavidCLaursen@dayrep.com,Danish,Laursen
Kristine,KristineAEriksen@cuvox.de,Danish,Eriksen
Astrid,AstridGKruse@fleckens.hu,Danish,Kruse
Magnus,MagnusAAndersen@teleworm.us,Danish,Andersen
Benjamin,BenjaminAMathiasen@superrito.com,Danish,Mathiasen
Andrea,AndreaNKoch@gustr.com,Danish,Koch
Aksel,AkselRLarsen@jourrapide.com,Danish,Larsen
Anne,AnneDSimonsen@superrito.com,Danish,Simonsen
Mike,MikeLThygesen@cuvox.de,Danish,Thygesen
Marius,MariusCRavn@jourrapide.com,Danish,Ravn
Alfred,AlfredTNilsson@dayrep.com,Danish,Nilsson
Jacob,JacobTSchmidt@superrito.com,Danish,Schmidt
Frederik,FrederikLJuhl@superrito.com,Danish,Juhl
Torben,TorbenJDanielsen@cuvox.de,Danish,Danielsen
Valdemar,ValdemarAIversen@superrito.com,Danish,Iversen
Christian,ChristianFFrederiksen@dayrep.com,Danish,Frederiksen
Lærke,LaerkeMEriksen@cuvox.de,Danish,Eriksen
Naja,NajaVCarlsen@cuvox.de,Danish,Carlsen
Mark,MarkFLorenzen@superrito.com,Danish,Lorenzen
Sandra,SandraANielsen@gustr.com,Danish,Nielsen
Nicklas,NicklasJKjaer@einrot.com,Danish,Kjær
Magnus,MagnusALorenzen@fleckens.hu,Danish,Lorenzen
Lærke,LaerkeJThygesen@jourrapide.com,Danish,Thygesen
Maja,MajaJLaursen@rhyta.com,Danish,Laursen
Maria,MariaDBerg@armyspy.com,Danish,Berg
Aksel,AkselSOvergaard@armyspy.com,Danish,Overgaard
Nadia,NadiaJDanielsen@dayrep.com,Danish,Danielsen
Jeppe,JeppeTBruun@einrot.com,Danish,Bruun
Felix,FelixOBertelsen@gustr.com,Danish,Bertelsen
Maja,MajaAHenriksen@rhyta.com,Danish,Henriksen
Louise,LouiseTJensen@rhyta.com,Danish,Jensen
Esther,EstherCBach@dayrep.com,Danish,Bach
Emile,EmileNCarlsen@teleworm.us,Danish,Carlsen
Marie,MarieJHedegaard@rhyta.com,Danish,Hedegaard
Johan,JohanMThorsen@einrot.com,Danish,Thorsen
Johanne,JohanneVOlsen@dayrep.com,Danish,Olsen
Josefine,JosefineBMortensen@einrot.com,Danish,Mortensen
Tristan,TristanSThorsen@einrot.com,Danish,Thorsen
Pernille,PernilleDSvendsen@dayrep.com,Danish,Svendsen
Peter,PeterMAndersen@rhyta.com,Danish,Andersen
Victoria,VictoriaSKristoffersen@rhyta.com,Danish,Kristoffersen
Mark,MarkSSimonsen@jourrapide.com,Danish,Simonsen
Tobias,TobiasJSchultz@fleckens.hu,Danish,Schultz
Andreas,AndreasCPetersen@superrito.com,Danish,Petersen
Frederikke,FrederikkeLBruun@armyspy.com,Danish,Bruun
Anders,AndersSHansen@teleworm.us,Danish,Hansen
Emma,EmmaEChristoffersen@teleworm.us,Danish,Christoffersen
Adam,AdamTLind@armyspy.com,Danish,Lind
Jonas,JonasSBak@cuvox.de,Danish,Bak
Peter,PeterNLauritsen@cuvox.de,Danish,Lauritsen
Andreas,AndreasMOvergaard@jourrapide.com,Danish,Overgaard
Clara,ClaraABang@gustr.com,Danish,Bang
Mohammad,MohammadLJespersen@gustr.com,Danish,Jespersen
Selma,SelmaMJepsen@fleckens.hu,Danish,Jepsen
Carl,CarlBJorgensen@cuvox.de,Danish,Jørgensen
William,WilliamTMathiasen@teleworm.us,Danish,Mathiasen
Sara,SaraHOlsen@fleckens.hu,Danish,Olsen
Hannah,HannahSGregersen@armyspy.com,Danish,Gregersen
Kristine,KristineTMathiasen@rhyta.com,Danish,Mathiasen
Oscar,OscarNOlsen@dayrep.com,Danish,Olsen
Astrid,AstridJKoch@cuvox.de,Danish,Koch
Anton,AntonEOvergaard@gustr.com,Danish,Overgaard
Nicolai,NicolaiCBak@superrito.com,Danish,Bak
Noah,NoahMMadsen@fleckens.hu,Danish,Madsen
Camilla,CamillaARasmussen@cuvox.de,Danish,Rasmussen
